,Close05,Close1,Close2,Med05,Med1,Med2,Far05,Far1,Far2,Close Accumulative,Medium Accumulative,Far Accumulative,Overall Accumulative,player_count
Ad1,1102,498,740,31253,10391,9849,217767,73588,89035,0.29869798315037016,6.573015062547868,48.556293081439875,55.43508144065958,7834
Ad2,1456,832,570,28548,7291,6062,94010,38945,51003,0.3648200153178453,5.348608629052847,23.48200153178453,29.19915693517694,7834
Ad3,2784,1478,1951,57606,24219,28798,167630,68933,109814,0.7930814398774573,14.120883329078376,44.214577482767424,59.1360899339101,7834
Ad4,1181,651,652,63941,20333,18755,196035,69273,96170,0.3170793974980853,13.1515190196579,46.142200663773295,59.61840832257863,7834
Ad5,1854,953,1102,73526,25280,27075,188555,69867,98071,0.4989788103140158,16.068547357671687,45.50587184069441,62.081321597907674,7834
Ad6,994,521,705,8267,3728,4892,101888,30772,36284,0.2833801378606076,2.1556037784018383,21.565483788613736,24.0075318442309,7834
Ad7,1339,699,488,28629,7616,6188,91774,39047,51696,0.3224406433495022,5.416517743170794,23.29805973959663,29.040724664044696,7834
Ad8,1370,746,1037,27269,11067,14444,158486,64405,109410,0.4024763849885116,6.737298953280572,42.417794230278275,49.56389552841059,7834
