,Close05,Close1,Close2,Med05,Med1,Med2,Far05,Far1,Far2,Close Accumulative,Medium Accumulative,Far Accumulative,Overall Accumulative,player_count
Ad1,868,1022,1373,21743,21035,20299,152968,150408,182683,0.20634920634920634,3.9889331562638337,30.737937140327578,34.93542864854885,15813
Ad2,1295,1872,1424,18845,15583,13015,69805,79026,106452,0.29033074052994373,3.0002529564282554,16.143868968570164,19.435681682961203,15813
Ad3,2481,3228,4221,47329,51090,60972,119679,137623,227091,0.627964333143616,10.079744514007462,30.632580787959274,41.342903958112636,15813
Ad4,949,1277,1256,44988,42599,39130,137362,140524,199664,0.22019857079618035,8.013469929804591,30.199835578321633,38.43593457940169,15813
Ad5,1183,1432,1731,46582,46200,47872,137273,143569,197745,0.2748371592993107,8.894833364952888,30.265414532346803,39.43757889616497,15813
Ad6,734,965,1447,6807,7709,9856,68187,62573,73054,0.19895023082274077,1.541263517359135,12.889015367103017,14.630154254671176,15813
Ad7,1114,1240,925,18031,14981,11812,68215,79064,107515,0.20736103206222728,2.8346297350281415,16.112945045215962,19.156147153342967,15813
Ad8,1222,1563,2165,19777,22189,29234,115313,128939,222045,0.3130335799658509,4.502624422943148,29.4882059065326,34.30603325516407,15813
