,Close05,Close1,Close2,Med05,Med1,Med2,Far05,Far1,Far2,Close Accumulative,Medium Accumulative,Far Accumulative,Overall Accumulative,player_count
Ad1,5159,2440,3381,147472,47694,45491,999672,338091,410486,0.32021931231590306,7.018489894718423,50.985709702820145,58.326119875730114,34289
Ad2,6900,3741,2425,123676,32641,25525,427122,178516,236177,0.3810551488815655,5.303216775059057,24.550584735629503,30.2357384250535,34289
Ad3,12271,6658,8720,267034,113178,132508,773010,316399,508995,0.806351891277086,14.952900347050074,46.61564933360553,62.376720665565394,34289
Ad4,5330,2778,2806,292328,92679,83372,906592,316487,444110,0.3182944967773922,13.659745107760505,48.621686255067225,62.60155150998453,34289
Ad5,5462,2658,2900,298328,98975,99006,908963,325796,439005,0.3213858671877278,14.474292047012161,48.81343871212342,63.610971714445625,34289
Ad6,4913,2472,3552,39753,17262,21900,462125,138606,166613,0.3189652658286914,2.3014669427513197,22.378722039137916,24.99988331984741,34289
Ad7,6796,3736,2812,126240,33135,26883,426946,180435,239886,0.38916270524074775,5.432004432908513,24.70958616465922,30.53164369778363,34289
Ad8,6646,3267,4780,127360,49545,65064,729061,293499,503735,0.4285047682930386,7.0567528945142755,44.512671702295194,51.99944582604815,34289
