,Close05,Close1,Close2,Med05,Med1,Med2,Far05,Far1,Far2,Close Accumulative,Medium Accumulative,Far Accumulative,Overall Accumulative,player_count
Ad1,6060,2845,3597,147644,46087,43794,920142,308428,367956,0.4040593387414757,7.676707281600465,51.59904334055137,59.681738787045056,30941
Ad2,6313,3215,1789,115583,29675,21527,405138,167261,208099,0.3657606412203872,5.390420477683333,25.22536440321903,30.982546832536833,30941
Ad3,11476,6103,7589,254829,100659,112487,736720,295145,447781,0.8134190879415663,15.12475356323325,47.821531301509324,63.76176463927969,30941
Ad4,8364,4172,4266,314032,100803,92373,821217,286856,395735,0.543033515400278,16.392747487152967,48.602436896027925,65.54033606599329,30941
Ad5,5257,2614,2695,281370,90315,85493,856589,300417,383379,0.3414886396690475,14.775799101515789,49.784590026178854,64.9039753685326,30941
Ad6,4899,2406,3387,38563,16185,20021,436769,126010,143499,0.3455609062409101,2.4165023754888337,22.82660547493617,25.589495771589693,30941
Ad7,5639,2992,1742,118058,31011,23261,397717,164818,205209,0.33525096150738504,5.569632526421254,24.81316053133383,30.71903681341971,30941
Ad8,5848,2936,4045,121140,46268,58233,693012,273168,436505,0.4146278400827381,7.2926214408066965,45.33418441550047,53.04314797303565,30941
