,Close05,Close1,Close2,Med05,Med1,Med2,Far05,Far1,Far2,Close Accumulative,Medium Accumulative,Far Accumulative,Overall Accumulative,player_count
Ad1,326,373,542,7799,7737,7317,54142,53150,65030,0.22288074712643677,4.104346264367816,30.948635057471265,35.282197532699165,5568
Ad2,400,479,362,6496,5456,4340,24785,28431,37844,0.22288074712643677,2.9260057471264367,16.354166666666668,19.506555864432638,5568
Ad3,992,1191,1723,17471,19779,23333,42789,49177,79281,0.7015086206896551,10.880567528735632,30.755567528735632,42.3452474216376,5568
Ad4,374,450,427,15658,14874,13431,49333,50902,70265,0.22467672413793102,7.895653735632184,30.621408045977013,38.7486964329213,5568
Ad5,339,470,495,16325,16190,16575,50320,51640,70246,0.23419540229885058,8.816451149425287,30.927801724137932,39.98562831326794,5568
Ad6,256,333,560,2425,2952,3641,24766,22105,25905,0.20635775862068967,1.6196120689655173,13.070402298850574,14.899047480626157,5568
Ad7,349,455,281,6555,5415,4214,24181,27860,37593,0.19486350574712644,2.906609195402299,16.098060344827587,19.202981237975212,5568
Ad8,399,524,780,7374,8097,10792,41775,46441,79094,0.30585488505747127,4.7167744252873565,30.048491379310345,35.07741938230777,5568
