,Close05,Close1,Close2,Med05,Med1,Med2,Far05,Far1,Far2,Close Accumulative,Medium Accumulative,Far Accumulative,Overall Accumulative,player_count
Ad1,3311,1625,1970,83051,26799,25307,548584,182610,220737,0.3626910351347093,7.098209127671866,49.99375032823907,57.457667908749066,19041
Ad2,3554,1877,1138,69328,18194,13661,232884,96586,125041,0.3449923848537367,5.31395409904942,23.870122367522715,29.530619666448793,19041
Ad3,7468,3897,5324,157049,66085,75369,402794,164994,263765,0.8764770757838349,15.676855207184497,43.67170841867549,60.228203615393184,19041
Ad4,3017,1599,1558,161906,50235,44251,482787,167216,229664,0.32424767606743343,13.465259177564203,46.1985715035975,59.99122882613084,19041
Ad5,3122,1543,1660,161337,52819,51340,489642,173336,228946,0.3321779318313114,13.943385326400925,46.842287694974004,61.12106075578768,19041
Ad6,2558,1285,1843,21632,9316,11599,242342,71695,84765,0.29861877002258286,2.2344939866603646,20.94438317315267,23.478728926838393,19041
Ad7,3137,1705,1052,67340,17718,13678,233143,98397,126883,0.3095425660416995,5.185441941074523,24.075573761882254,29.572111262973003,19041
Ad8,3780,1897,2845,69039,26432,33830,388800,154431,259953,0.4475605272832309,6.790662255133659,42.18181818181818,49.42263641830598,19041
