,Close05,Close1,Close2,Med05,Med1,Med2,Far05,Far1,Far2,Close Accumulative,Medium Accumulative,Far Accumulative,Overall Accumulative,player_count
Ad1,471,630,765,12783,12305,11624,88674,86918,103946,0.20300261096605743,3.9939077458659704,30.41100957354221,34.61168493471827,9192
Ad2,671,859,573,11044,9269,7165,40683,45196,60070,0.2287859007832898,2.9893385552654483,15.877828546562228,19.09803045615781,9192
Ad3,1508,1982,2704,29319,31736,38265,69751,78819,128426,0.6738468233246301,10.805047867711053,30.134464751958223,41.61788657087065,9192
Ad4,562,706,644,25497,23986,21276,80985,82197,112939,0.20800696257615317,7.697889469103568,30.039273281114014,37.9492977773839,9192
Ad5,577,729,760,26435,25195,24923,82169,84486,112771,0.22476066144473456,8.328220191470844,30.398825065274153,38.95604349498675,9192
Ad6,452,566,938,4146,4748,5741,39978,35660,42328,0.21279373368146215,1.5921453437771975,12.83355091383812,14.640082516317593,9192
Ad7,617,797,548,10841,8775,7073,40553,46145,60994,0.21344647519582247,2.903503046127067,16.067449956483898,19.186486553467997,9192
Ad8,695,851,1223,11837,13345,16952,68189,76569,129078,0.3012402088772846,4.583768494342907,29.790687554395127,34.6794686353631,9192
