,Close05,Close1,Close2,Med05,Med1,Med2,Far05,Far1,Far2,Close Accumulative,Medium Accumulative,Far Accumulative,Overall Accumulative,player_count
Ad1,493,634,953,12461,11967,12448,81947,81806,104436,0.23949337938975246,4.24594127806563,30.879562464018424,35.36906908429723,8685
Ad2,602,826,516,10138,8443,6546,38021,43051,57805,0.22383419689119172,2.8931491076568796,15.990443293033966,19.10962664670093,8685
Ad3,1319,1776,2373,25221,27575,33874,66645,76542,125732,0.6295912492803685,9.979274611398964,30.963615428900404,41.577267988634375,8685
Ad4,745,987,1121,26898,25894,24625,73111,75628,111647,0.32849740932642485,8.913874496257916,29.9811168681635,39.22800500734298,8685
Ad5,529,596,727,25095,24343,24213,76303,79496,108449,0.2132412204951065,8.480253310305123,30.42579159470351,39.12379036109678,8685
Ad6,415,557,846,3503,4088,5391,37311,34132,40837,0.20932642487046632,1.4947610823258493,12.92803684513529,14.633809110460833,8685
Ad7,689,853,543,10686,9035,7395,37420,43494,57582,0.24006908462867013,3.1221646516983306,15.94657455382844,19.31103152657342,8685
Ad8,644,833,1154,11416,12720,17047,62230,70390,121869,0.30293609671848015,4.741853770869315,29.302130109383995,34.35087471732608,8685
